,"Level of Fees and ChargesBased on your experience in international logistics, please select the options that best describe the operational logistics environment in your country of work",Port charges are,Airport charges are,Road transport rates are,Rail transport rates are,Warehousing/transloading charges are,Agent fees are,"Quality of InfrastructureEvaluate the quality of trade and transport related infrastructure (e.g. ports, roads, airports, information technology) in your country of work",Ports,Airports,Roads,Rail,Warehousing/transloading facilities,Telecommunications and IT,Competence and Quality of ServicesEvaluate the competence and quality of service delivered by the following in your country of work,Road,Rail,Air transport,Maritime transport,Warehousing/transloading and distribution,Freight forwarders,Customs agencies,Quality/standards inspection agencies,Health/SPS agencies,Customs brokers,Trade and transport associations,Consignees or shippers,Efficiency of ProcessesEvaluate the efficiency of the following processes in your country of work,Clearance and delivery of imports,Clearance and delivery of exports,Transparency of customs clearance,Transparency of other border agencies,Provision of adequate and timely information on regulatory changes,Expedited customs clearance for traders with high compliance levels,"Sources of Major DelaysHow often in your country of work, you experience",Compulsory warehousing/transloading,Pre-shipment inspection,Maritime transshipment,"Criminal activities (e.g., stolen cargo)",Solicitation of informal payments,"Changes in the Logistics Environment Since 2011Since 2011, have the following factors improved or worsened in your country of work",Customs clearance procedures,Other official clearance procedures,Trade and transport infrastructure,Telecommunications and IT infrastructure,Private logistics services,Regulation related to logistics,Solicitation of informal payments
,Percent of respondents answering high/very high,,,,,,,Percent of respondents answering low/very low,,,,,,,Percent of respondents answering high/very high,,,,,,,,,,,,,Percent of respondents answering often or nearly always,,,,,,,Percent of respondents answering often or nearly always,,,,,,Percent of respondents answering improved or much improved,,,,,,,
Afghanistan,,N/A,N/A,100%,N/A,N/A,N/A,,N/A,N/A,0%,N/A,N/A,N/A,,100%,N/A,N/A,N/A,N/A,N/A,N/A,N/A,N/A,N/A,N/A,N/A,,0%,N/A,N/A,N/A,N/A,N/A,,N/A,N/A,N/A,100%,N/A,,N/A,N/A,N/A,100%,N/A,N/A,N/A
Albania,,50%,50%,0%,0%,50%,0%,,0%,0%,50%,50%,0%,0%,,0%,0%,0%,0%,0%,0%,50%,50%,0%,50%,0%,50%,,100%,50%,100%,100%,0%,50%,,0%,0%,0%,0%,0%,,50%,0%,0%,50%,50%,0%,0%
Algeria,,50%,50%,0%,0%,50%,0%,,100%,50%,50%,100%,50%,0%,,50%,0%,50%,50%,0%,50%,50%,50%,50%,50%,0%,0%,,50%,50%,50%,50%,50%,100%,,50%,100%,50%,0%,0%,,50%,50%,50%,100%,50%,0%,0%
Angola,,100%,100%,100%,100%,100%,100%,,0%,0%,100%,100%,100%,100%,,0%,0%,0%,0%,0%,0%,0%,0%,0%,0%,0%,0%,,0%,0%,0%,0%,0%,0%,,100%,0%,100%,0%,0%,,0%,0%,100%,100%,100%,0%,100%
Argentina,,91.67%,81.82%,66.67%,10%,66.67%,25%,,58.33%,27.27%,66.67%,91.67%,8.33%,58.33%,,25%,0%,27.27%,33.33%,25%,58.33%,0%,8.33%,9.09%,16.67%,33.33%,16.67%,,25%,83.33%,41.67%,36.36%,66.67%,25%,,33.33%,33.33%,25%,8.33%,50%,,18.18%,18.18%,16.67%,33.33%,41.67%,16.67%,8.33%
Armenia,,N/A,N/A,N/A,N/A,N/A,N/A,,N/A,N/A,N/A,N/A,N/A,N/A,,N/A,N/A,N/A,N/A,N/A,N/A,N/A,N/A,N/A,N/A,N/A,N/A,,N/A,N/A,N/A,N/A,N/A,N/A,,N/A,N/A,N/A,N/A,N/A,,N/A,N/A,N/A,N/A,N/A,N/A,N/A
Australia,,80%,73.33%,66.67%,60%,66.67%,20%,,26.67%,26.67%,20%,33.33%,20%,6.67%,,71.43%,42.86%,85.71%,78.57%,61.54%,57.14%,78.57%,57.14%,57.14%,78.57%,64.29%,42.86%,,100%,92.86%,78.57%,42.86%,50%,28.57%,,7.69%,0%,38.46%,0%,0%,,38.46%,38.46%,30.77%,69.23%,46.15%,30.77%,30.77%
Austria,,0%,28.57%,85.71%,71.43%,28.57%,28.57%,,28.57%,14.29%,14.29%,14.29%,0%,0%,,71.43%,33.33%,57.14%,57.14%,71.43%,71.43%,57.14%,42.86%,28.57%,57.14%,28.57%,42.86%,,100%,100%,100%,100%,100%,71.43%,,0%,0%,0%,0%,0%,,57.14%,57.14%,42.86%,42.86%,28.57%,0%,14.29%
Azerbaijan,,N/A,N/A,N/A,N/A,N/A,N/A,,N/A,N/A,N/A,N/A,N/A,N/A,,N/A,N/A,N/A,N/A,N/A,N/A,N/A,N/A,N/A,N/A,N/A,N/A,,N/A,N/A,N/A,N/A,N/A,N/A,,N/A,N/A,N/A,N/A,N/A,,N/A,N/A,N/A,N/A,N/A,N/A,N/A
"Bahamas, The",,100%,0%,0%,0%,100%,0%,,0%,0%,0%,0%,100%,0%,,100%,0%,0%,0%,0%,0%,0%,0%,0%,100%,0%,0%,,100%,0%,0%,100%,0%,100%,,100%,0%,0%,0%,0%,,0%,0%,100%,0%,0%,0%,0%
Bahrain,,0%,0%,0%,0%,0%,0%,,0%,0%,0%,0%,0%,0%,,0%,0%,100%,100%,100%,0%,100%,0%,0%,100%,0%,100%,,100%,100%,100%,100%,0%,100%,,0%,0%,0%,0%,0%,,0%,0%,0%,0%,100%,0%,0%
Bangladesh,,21.05%,26.32%,26.32%,10.53%,5.26%,5.56%,,31.58%,31.58%,57.89%,57.89%,42.11%,15.79%,,5.26%,5.26%,31.58%,38.89%,15.79%,42.11%,5.26%,10.53%,5.26%,16.67%,10.53%,21.05%,,47.37%,88.89%,47.37%,31.58%,57.89%,31.58%,,5.56%,11.11%,38.89%,16.67%,11.11%,,77.78%,66.67%,55.56%,83.33%,77.78%,55.56%,61.11%
Belarus,,100%,100%,100%,100%,50%,100%,,100%,100%,100%,50%,100%,100%,,0%,0%,0%,0%,50%,0%,0%,0%,0%,0%,0%,0%,,0%,0%,0%,0%,0%,0%,,100%,100%,100%,100%,50%,,0%,0%,50%,0%,0%,0%,0%
Belgium,,40%,40%,0%,40%,40%,20%,,0%,0%,0%,0%,0%,0%,,80%,40%,80%,80%,100%,100%,80%,80%,60%,60%,60%,60%,,100%,100%,80%,60%,80%,80%,,0%,0%,0%,0%,0%,,80%,60%,60%,80%,80%,60%,60%
Benin,,50%,0%,0%,0%,50%,0%,,0%,0%,0%,100%,50%,0%,,0%,0%,50%,100%,0%,50%,50%,50%,50%,50%,50%,100%,,50%,100%,100%,50%,100%,100%,,0%,0%,0%,0%,50%,,100%,100%,100%,100%,100%,100%,100%
Bhutan,,N/A,N/A,N/A,N/A,N/A,N/A,,N/A,N/A,N/A,N/A,N/A,N/A,,N/A,N/A,N/A,N/A,N/A,N/A,N/A,N/A,N/A,N/A,N/A,N/A,,N/A,N/A,N/A,N/A,N/A,N/A,,N/A,N/A,N/A,N/A,N/A,,N/A,N/A,N/A,N/A,N/A,N/A,N/A
Bolivia,,100%,50%,100%,0%,100%,0%,,100%,100%,50%,100%,100%,50%,,0%,0%,0%,50%,0%,50%,0%,0%,0%,50%,0%,50%,,50%,100%,50%,50%,0%,50%,,50%,50%,0%,0%,0%,,50%,50%,50%,100%,100%,0%,0%
Bosnia and Herzegovina,,0%,100%,100%,100%,0%,0%,,100%,0%,100%,100%,100%,0%,,0%,0%,0%,0%,0%,0%,0%,0%,0%,0%,0%,0%,,100%,0%,0%,0%,0%,0%,,0%,0%,100%,0%,0%,,0%,0%,0%,100%,0%,0%,0%
Botswana,,N/A,N/A,N/A,N/A,N/A,N/A,,N/A,N/A,N/A,N/A,N/A,N/A,,N/A,N/A,N/A,N/A,N/A,N/A,N/A,N/A,N/A,N/A,N/A,N/A,,N/A,N/A,N/A,N/A,N/A,N/A,,N/A,N/A,N/A,N/A,N/A,,N/A,N/A,N/A,N/A,N/A,N/A,N/A
Brazil,,76.92%,69.23%,61.54%,38.46%,46.15%,50%,,50%,35.71%,57.14%,64.29%,28.57%,14.29%,,41.67%,16.67%,54.55%,33.33%,50%,66.67%,41.67%,54.55%,41.67%,50%,41.67%,36.36%,,41.67%,58.33%,50%,41.67%,41.67%,50%,,25%,27.27%,27.27%,18.18%,9.09%,,66.67%,50%,50%,58.33%,83.33%,58.33%,66.67%
Bulgaria,,11.11%,33.33%,0%,22.22%,0%,11.11%,,66.67%,33.33%,44.44%,55.56%,22.22%,0%,,66.67%,44.44%,55.56%,44.44%,77.78%,88.89%,77.78%,33.33%,22.22%,77.78%,44.44%,66.67%,,88.89%,100%,66.67%,55.56%,77.78%,77.78%,,11.11%,0%,11.11%,11.11%,22.22%,,44.44%,33.33%,55.56%,66.67%,66.67%,11.11%,33.33%
Burkina Faso,,N/A,N/A,N/A,N/A,N/A,N/A,,N/A,N/A,N/A,N/A,N/A,N/A,,N/A,N/A,N/A,N/A,N/A,N/A,N/A,N/A,N/A,N/A,N/A,N/A,,N/A,N/A,N/A,N/A,N/A,N/A,,N/A,N/A,N/A,N/A,N/A,,N/A,N/A,N/A,N/A,N/A,N/A,N/A
Burundi,,100%,100%,100%,100%,0%,0%,,100%,100%,0%,100%,0%,0%,,0%,0%,0%,0%,0%,100%,0%,0%,0%,0%,0%,0%,,0%,100%,0%,0%,0%,0%,,0%,100%,100%,0%,100%,,100%,100%,100%,0%,100%,0%,0%
C.A.R.,,N/A,N/A,N/A,N/A,N/A,N/A,,N/A,N/A,N/A,N/A,N/A,N/A,,N/A,N/A,N/A,N/A,N/A,N/A,N/A,N/A,N/A,N/A,N/A,N/A,,N/A,N/A,N/A,N/A,N/A,N/A,,N/A,N/A,N/A,N/A,N/A,,N/A,N/A,N/A,N/A,N/A,N/A,N/A
Cambodia,,87.50%,57.14%,62.50%,28.57%,37.50%,0%,,62.50%,71.43%,87.50%,87.50%,37.50%,37.50%,,12.50%,0%,0%,37.50%,12.50%,12.50%,12.50%,12.50%,12.50%,12.50%,12.50%,12.50%,,50%,87.50%,12.50%,12.50%,12.50%,50%,,0%,37.50%,0%,25%,62.50%,,25%,37.50%,50%,50%,37.50%,12.50%,0%
Cameroon,,100%,100%,100%,33.33%,33.33%,33.33%,,33.33%,100%,100%,100%,66.67%,33.33%,,0%,0%,0%,33.33%,0%,0%,0%,0%,0%,0%,0%,0%,,33.33%,33.33%,0%,0%,66.67%,0%,,66.67%,66.67%,33.33%,33.33%,33.33%,,66.67%,33.33%,33.33%,33.33%,66.67%,33.33%,33.33%
Canada,,41.67%,41.67%,58.33%,54.55%,33.33%,27.27%,,0%,8.33%,8.33%,18.18%,0%,0%,,83.33%,41.67%,72.73%,58.33%,66.67%,66.67%,50%,27.27%,40%,66.67%,33.33%,25%,,75%,83.33%,83.33%,72.73%,58.33%,60%,,0%,8.33%,8.33%,0%,8.33%,,33.33%,41.67%,27.27%,66.67%,58.33%,41.67%,10%
Chad,,N/A,N/A,N/A,N/A,N/A,N/A,,N/A,N/A,N/A,N/A,N/A,N/A,,N/A,N/A,N/A,N/A,N/A,N/A,N/A,N/A,N/A,N/A,N/A,N/A,,N/A,N/A,N/A,N/A,N/A,N/A,,N/A,N/A,N/A,N/A,N/A,,N/A,N/A,N/A,N/A,N/A,N/A,N/A
Chile,,42.86%,50%,57.14%,16.67%,42.86%,42.86%,,0%,16.67%,0%,83.33%,0%,28.57%,,14.29%,0%,57.14%,85.71%,42.86%,28.57%,28.57%,42.86%,57.14%,28.57%,28.57%,28.57%,,100%,100%,57.14%,57.14%,42.86%,57.14%,,14.29%,0%,28.57%,14.29%,0%,,57.14%,16.67%,71.43%,57.14%,71.43%,16.67%,66.67%
China,,41.67%,33.33%,39.47%,22.22%,21.62%,18.92%,,5.41%,0%,0%,5.26%,0%,5.26%,,28.21%,15.79%,43.59%,50%,38.46%,44.74%,33.33%,18.42%,23.68%,28.95%,34.21%,35.90%,,55.26%,76.32%,52.78%,45.95%,51.35%,47.37%,,2.94%,9.38%,6.45%,0%,15.63%,,71.43%,71.43%,73.53%,70.59%,79.41%,64.71%,60.61%
Colombia,,66.67%,83.33%,100%,20%,33.33%,33.33%,,50%,33.33%,100%,83.33%,33.33%,16.67%,,33.33%,0%,66.67%,66.67%,66.67%,50%,66.67%,33.33%,40%,50%,50%,40%,,40%,40%,60%,60%,60%,40%,,16.67%,50%,0%,16.67%,0%,,66.67%,33.33%,50%,100%,100%,50%,33.33%
Comoros,,N/A,N/A,N/A,N/A,N/A,N/A,,N/A,N/A,N/A,N/A,N/A,N/A,,N/A,N/A,N/A,N/A,N/A,N/A,N/A,N/A,N/A,N/A,N/A,N/A,,N/A,N/A,N/A,N/A,N/A,N/A,,N/A,N/A,N/A,N/A,N/A,,N/A,N/A,N/A,N/A,N/A,N/A,N/A
"Congo, Dem. Rep.",,N/A,N/A,N/A,N/A,N/A,N/A,,N/A,N/A,N/A,N/A,N/A,N/A,,N/A,N/A,N/A,N/A,N/A,N/A,N/A,N/A,N/A,N/A,N/A,N/A,,N/A,N/A,N/A,N/A,N/A,N/A,,N/A,N/A,N/A,N/A,N/A,,N/A,N/A,N/A,N/A,N/A,N/A,N/A
"Congo, Rep.",,N/A,N/A,N/A,N/A,N/A,N/A,,N/A,N/A,N/A,N/A,N/A,N/A,,N/A,N/A,N/A,N/A,N/A,N/A,N/A,N/A,N/A,N/A,N/A,N/A,,N/A,N/A,N/A,N/A,N/A,N/A,,N/A,N/A,N/A,N/A,N/A,,N/A,N/A,N/A,N/A,N/A,N/A,N/A
Costa Rica,,80%,80%,40%,0%,0%,0%,,100%,60%,100%,100%,20%,40%,,20%,0%,40%,40%,40%,40%,0%,0%,0%,0%,0%,25%,,100%,100%,80%,80%,60%,25%,,0%,0%,0%,0%,0%,,50%,75%,0%,40%,40%,25%,40%
Cote d'Ivoire,,N/A,N/A,N/A,N/A,N/A,N/A,,N/A,N/A,N/A,N/A,N/A,N/A,,N/A,N/A,N/A,N/A,N/A,N/A,N/A,N/A,N/A,N/A,N/A,N/A,,N/A,N/A,N/A,N/A,N/A,N/A,,N/A,N/A,N/A,N/A,N/A,,N/A,N/A,N/A,N/A,N/A,N/A,N/A
Croatia,,100%,N/A,0%,100%,0%,0%,,100%,N/A,0%,100%,0%,0%,,0%,0%,N/A,0%,0%,100%,100%,100%,0%,0%,0%,0%,,0%,100%,100%,100%,100%,0%,,0%,0%,0%,0%,N/A,,100%,0%,0%,100%,100%,0%,N/A
Cuba,,N/A,N/A,N/A,N/A,N/A,N/A,,N/A,N/A,N/A,N/A,N/A,N/A,,N/A,N/A,N/A,N/A,N/A,N/A,N/A,N/A,N/A,N/A,N/A,N/A,,N/A,N/A,N/A,N/A,N/A,N/A,,N/A,N/A,N/A,N/A,N/A,,N/A,N/A,N/A,N/A,N/A,N/A,N/A
Cyprus,,N/A,N/A,N/A,N/A,N/A,N/A,,N/A,N/A,N/A,N/A,N/A,N/A,,N/A,N/A,N/A,N/A,N/A,N/A,N/A,N/A,N/A,N/A,N/A,N/A,,N/A,N/A,N/A,N/A,N/A,N/A,,N/A,N/A,N/A,N/A,N/A,,N/A,N/A,N/A,N/A,N/A,N/A,N/A
Czech Republic,,0%,0%,0%,0%,0%,0%,,100%,0%,50%,0%,0%,0%,,0%,0%,0%,0%,50%,0%,50%,0%,50%,50%,0%,0%,,100%,100%,100%,50%,100%,50%,,0%,0%,0%,0%,0%,,100%,100%,50%,100%,50%,50%,100%
Denmark,,100%,100%,50%,0%,50%,50%,,0%,0%,0%,0%,0%,0%,,100%,50%,100%,100%,50%,50%,50%,50%,100%,50%,50%,50%,,100%,100%,100%,100%,100%,100%,,0%,0%,0%,0%,0%,,0%,0%,0%,0%,100%,0%,0%
Djibouti,,100%,0%,0%,0%,0%,0%,,0%,100%,0%,100%,0%,0%,,0%,0%,0%,0%,0%,0%,0%,0%,0%,0%,0%,0%,,100%,0%,0%,0%,0%,0%,,0%,0%,0%,0%,0%,,0%,0%,0%,0%,0%,0%,0%
Dominican Republic,,60%,60%,60%,40%,20%,0%,,0%,0%,40%,100%,0%,0%,,0%,0%,60%,40%,0%,40%,20%,20%,0%,40%,0%,40%,,80%,80%,100%,60%,40%,80%,,40%,50%,40%,0%,80%,,80%,80%,100%,100%,100%,40%,60%
Ecuador,,50%,0%,0%,50%,0%,50%,,0%,0%,0%,50%,0%,0%,,0%,0%,50%,0%,0%,50%,0%,0%,0%,50%,50%,0%,,0%,50%,0%,50%,50%,50%,,0%,50%,50%,50%,50%,,50%,50%,50%,50%,50%,50%,50%
"Egypt, Arab Rep.",,44%,29.17%,20.83%,22.73%,29.17%,20%,,19.23%,16%,52%,72%,40%,8%,,11.54%,4%,64%,56%,25%,56%,36%,36%,28%,32%,36%,34.62%,,42.31%,76.92%,28%,33.33%,25%,40%,,24%,29.17%,20.83%,4.17%,26.09%,,29.17%,30.43%,21.74%,52.17%,52.17%,21.74%,21.74%
El Salvador,,N/A,N/A,N/A,N/A,N/A,N/A,,N/A,N/A,N/A,N/A,N/A,N/A,,N/A,N/A,N/A,N/A,N/A,N/A,N/A,N/A,N/A,N/A,N/A,N/A,,N/A,N/A,N/A,N/A,N/A,N/A,,N/A,N/A,N/A,N/A,N/A,,N/A,N/A,N/A,N/A,N/A,N/A,N/A
Equatorial Guinea,,N/A,N/A,N/A,N/A,N/A,N/A,,N/A,N/A,N/A,N/A,N/A,N/A,,N/A,N/A,N/A,N/A,N/A,N/A,N/A,N/A,N/A,N/A,N/A,N/A,,N/A,N/A,N/A,N/A,N/A,N/A,,N/A,N/A,N/A,N/A,N/A,,N/A,N/A,N/A,N/A,N/A,N/A,N/A
Eritrea,,N/A,N/A,N/A,N/A,N/A,N/A,,N/A,N/A,N/A,N/A,N/A,N/A,,N/A,N/A,N/A,N/A,N/A,N/A,N/A,N/A,N/A,N/A,N/A,N/A,,N/A,N/A,N/A,N/A,N/A,N/A,,N/A,N/A,N/A,N/A,N/A,,N/A,N/A,N/A,N/A,N/A,N/A,N/A
Estonia,,50%,50%,0%,50%,0%,0%,,0%,0%,0%,0%,0%,0%,,50%,50%,100%,100%,50%,100%,100%,100%,100%,100%,100%,50%,,100%,100%,100%,100%,100%,100%,,0%,0%,0%,0%,0%,,100%,100%,100%,100%,100%,50%,50%
Ethiopia,,100%,0%,50%,N/A,50%,50%,,0%,0%,0%,100%,0%,50%,,0%,0%,0%,0%,0%,0%,0%,0%,0%,50%,0%,0%,,50%,100%,100%,50%,50%,0%,,0%,50%,50%,0%,0%,,50%,50%,50%,0%,50%,50%,50%
Fiji,,N/A,N/A,N/A,N/A,N/A,N/A,,N/A,N/A,N/A,N/A,N/A,N/A,,N/A,N/A,N/A,N/A,N/A,N/A,N/A,N/A,N/A,N/A,N/A,N/A,,N/A,N/A,N/A,N/A,N/A,N/A,,N/A,N/A,N/A,N/A,N/A,,N/A,N/A,N/A,N/A,N/A,N/A,N/A
Finland,,72.73%,81.82%,36.36%,50%,63.64%,45.45%,,0%,0%,9.09%,9.09%,0%,0%,,63.64%,27.27%,81.82%,54.55%,90.91%,81.82%,72.73%,63.64%,63.64%,81.82%,81.82%,54.55%,,100%,100%,90.91%,81.82%,81.82%,72.73%,,0%,0%,0%,0%,0%,,54.55%,36.36%,36.36%,54.55%,63.64%,18.18%,9.09%
France,,50%,50%,100%,100%,100%,100%,,0%,0%,0%,0%,0%,0%,,100%,50%,100%,100%,100%,100%,100%,100%,100%,100%,100%,100%,,100%,100%,100%,100%,100%,100%,,0%,0%,0%,0%,0%,,100%,100%,100%,100%,100%,100%,50%
Gabon,,100%,100%,100%,0%,100%,100%,,100%,100%,100%,100%,0%,0%,,0%,0%,0%,0%,0%,0%,0%,0%,0%,0%,0%,0%,,0%,0%,0%,0%,0%,0%,,100%,100%,100%,0%,100%,,0%,0%,0%,100%,0%,0%,0%
"Gambia, The",,N/A,N/A,N/A,N/A,N/A,N/A,,N/A,N/A,N/A,N/A,N/A,N/A,,N/A,N/A,N/A,N/A,N/A,N/A,N/A,N/A,N/A,N/A,N/A,N/A,,N/A,N/A,N/A,N/A,N/A,N/A,,N/A,N/A,N/A,N/A,N/A,,N/A,N/A,N/A,N/A,N/A,N/A,N/A
Georgia,,0%,0%,0%,0%,0%,0%,,0%,0%,0%,0%,0%,0%,,0%,0%,100%,100%,0%,0%,100%,100%,100%,100%,100%,100%,,100%,100%,100%,100%,100%,100%,,0%,0%,0%,0%,0%,,0%,0%,0%,0%,0%,0%,0%
Germany,,55.56%,47.06%,50%,33.33%,31.58%,33.33%,,0%,0%,0%,0%,0%,0%,,90%,68.42%,94.44%,84.21%,90%,85%,85%,85%,76.47%,80%,77.78%,84.21%,,80%,85%,80%,70%,63.16%,80%,,15%,20%,21.05%,10.53%,5%,,36.84%,31.58%,52.63%,66.67%,72.22%,36.84%,36.84%
Ghana,,77.78%,77.78%,66.67%,22.22%,55.56%,11.11%,,22.22%,33.33%,33.33%,88.89%,33.33%,22.22%,,50%,0%,37.50%,62.50%,25%,55.56%,50%,25%,37.50%,44.44%,33.33%,33.33%,,44.44%,77.78%,33.33%,33.33%,11.11%,33.33%,,11.11%,66.67%,22.22%,22.22%,33.33%,,55.56%,33.33%,33.33%,77.78%,77.78%,55.56%,50%
Greece,,50%,100%,50%,0%,50%,0%,,50%,0%,0%,100%,0%,0%,,50%,50%,100%,50%,50%,50%,50%,50%,0%,50%,100%,50%,,50%,50%,100%,50%,50%,0%,,50%,50%,50%,0%,50%,,100%,50%,50%,50%,50%,50%,50%
Guatemala,,66.67%,0%,0%,0%,0%,33.33%,,66.67%,33.33%,66.67%,100%,0%,0%,,0%,0%,0%,0%,0%,33.33%,0%,0%,0%,0%,0%,0%,,0%,66.67%,0%,0%,0%,0%,,33.33%,66.67%,100%,66.67%,66.67%,,0%,0%,33.33%,100%,100%,0%,0%
Guinea,,N/A,N/A,N/A,N/A,N/A,N/A,,N/A,N/A,N/A,N/A,N/A,N/A,,N/A,N/A,N/A,N/A,N/A,N/A,N/A,N/A,N/A,N/A,N/A,N/A,,N/A,N/A,N/A,N/A,N/A,N/A,,N/A,N/A,N/A,N/A,N/A,,N/A,N/A,N/A,N/A,N/A,N/A,N/A
Guinea-Bissau,,N/A,N/A,N/A,N/A,N/A,N/A,,N/A,N/A,N/A,N/A,N/A,N/A,,N/A,N/A,N/A,N/A,N/A,N/A,N/A,N/A,N/A,N/A,N/A,N/A,,N/A,N/A,N/A,N/A,N/A,N/A,,N/A,N/A,N/A,N/A,N/A,,N/A,N/A,N/A,N/A,N/A,N/A,N/A
Guyana,,N/A,N/A,N/A,N/A,N/A,N/A,,N/A,N/A,N/A,N/A,N/A,N/A,,N/A,N/A,N/A,N/A,N/A,N/A,N/A,N/A,N/A,N/A,N/A,N/A,,N/A,N/A,N/A,N/A,N/A,N/A,,N/A,N/A,N/A,N/A,N/A,,N/A,N/A,N/A,N/A,N/A,N/A,N/A
Haiti,,100%,0%,100%,0%,100%,0%,,100%,0%,100%,100%,100%,100%,,0%,0%,0%,0%,0%,0%,0%,0%,0%,0%,0%,0%,,0%,0%,0%,0%,0%,0%,,0%,100%,100%,0%,0%,,0%,0%,0%,100%,0%,0%,0%
Honduras,,33.33%,16.67%,50%,0%,16.67%,16.67%,,16.67%,16.67%,50%,66.67%,0%,16.67%,,16.67%,0%,50%,50%,50%,50%,33.33%,0%,0%,33.33%,0%,0%,,66.67%,83.33%,33.33%,33.33%,16.67%,33.33%,,16.67%,16.67%,16.67%,33.33%,16.67%,,33.33%,16.67%,16.67%,50%,100%,50%,33.33%
"Hong Kong, China",,83.33%,100%,50%,0%,100%,66.67%,,0%,0%,0%,25%,0%,0%,,83.33%,20%,100%,100%,80%,83.33%,80%,83.33%,50%,75%,80%,66.67%,,100%,100%,100%,100%,100%,100%,,0%,0%,0%,0%,0%,,66.67%,66.67%,66.67%,66.67%,33.33%,33.33%,33.33%
Hungary,,0%,0%,50%,100%,0%,0%,,50%,50%,0%,50%,0%,0%,,50%,0%,100%,0%,100%,100%,100%,100%,100%,100%,0%,100%,,100%,100%,0%,100%,0%,0%,,0%,0%,0%,50%,100%,,0%,0%,0%,0%,50%,0%,0%
Iceland,,0%,0%,0%,0%,100%,0%,,0%,0%,0%,100%,0%,0%,,100%,0%,100%,100%,100%,100%,100%,0%,0%,100%,100%,0%,,100%,100%,100%,100%,100%,100%,,0%,0%,0%,0%,0%,,100%,0%,100%,100%,100%,0%,0%
India,,58.39%,57.25%,51.09%,48.53%,48.18%,16.79%,,34.56%,35.77%,41.61%,33.09%,42.65%,13.87%,,21.01%,20.59%,39.42%,32.35%,21.90%,58.39%,30.66%,31.39%,22.63%,51.82%,37.23%,53.68%,,68.35%,65.94%,39.42%,36.76%,32.85%,43.80%,,41.91%,48.55%,40.44%,18.71%,44.20%,,71.94%,39.42%,70.07%,90.58%,83.33%,72.46%,46.38%
Indonesia,,64.29%,66.67%,33.33%,26.67%,20%,13.33%,,46.67%,26.67%,66.67%,53.33%,33.33%,20%,,16.67%,15.38%,38.46%,30.77%,30.77%,46.15%,30.77%,30.77%,30.77%,23.08%,30.77%,15.38%,,38.46%,76.92%,23.08%,38.46%,30.77%,30.77%,,0%,7.69%,7.69%,0%,30.77%,,46.15%,30.77%,30.77%,38.46%,61.54%,38.46%,38.46%
"Iran, Islamic Rep.",,0%,0%,40%,40%,0%,0%,,40%,40%,0%,40%,20%,60%,,20%,20%,60%,40%,0%,60%,20%,40%,40%,20%,20%,20%,,40%,20%,0%,20%,40%,40%,,0%,20%,40%,20%,20%,,40%,40%,60%,60%,60%,60%,20%
Iraq,,100%,100%,100%,0%,100%,0%,,100%,100%,100%,100%,0%,0%,,0%,0%,0%,0%,0%,0%,0%,0%,0%,0%,0%,0%,,0%,100%,0%,0%,0%,0%,,100%,100%,0%,0%,0%,,0%,0%,0%,0%,100%,0%,0%
Ireland,,N/A,N/A,N/A,N/A,N/A,N/A,,N/A,N/A,N/A,N/A,N/A,N/A,,N/A,N/A,N/A,N/A,N/A,N/A,N/A,N/A,N/A,N/A,N/A,N/A,,N/A,N/A,N/A,N/A,N/A,N/A,,N/A,N/A,N/A,N/A,N/A,,N/A,N/A,N/A,N/A,N/A,N/A,N/A
Israel,,N/A,N/A,N/A,N/A,N/A,N/A,,N/A,N/A,N/A,N/A,N/A,N/A,,N/A,N/A,N/A,N/A,N/A,N/A,N/A,N/A,N/A,N/A,N/A,N/A,,N/A,N/A,N/A,N/A,N/A,N/A,,N/A,N/A,N/A,N/A,N/A,,N/A,N/A,N/A,N/A,N/A,N/A,N/A
Italy,,18.18%,30%,45.45%,22.22%,40%,30%,,20%,11.11%,20%,50%,10%,50%,,30%,20%,66.67%,50%,50%,50%,50%,33.33%,20%,60%,50%,10%,,50%,100%,70%,60%,50%,30%,,0%,0%,20%,10%,30%,,50%,40%,20%,40%,50%,0%,0%
Jamaica,,0%,0%,0%,0%,0%,0%,,0%,0%,100%,100%,0%,0%,,0%,0%,0%,0%,0%,0%,0%,0%,0%,0%,0%,0%,,0%,100%,0%,0%,0%,100%,,0%,0%,0%,100%,100%,,0%,0%,0%,0%,0%,0%,0%
Japan,,100%,100%,100%,100%,50%,50%,,50%,0%,0%,0%,0%,0%,,50%,50%,50%,50%,50%,50%,50%,50%,50%,50%,50%,50%,,100%,100%,50%,50%,100%,50%,,0%,50%,0%,0%,0%,,100%,0%,0%,50%,0%,0%,0%
Jordan,,14.29%,28.57%,42.86%,0%,28.57%,42.86%,,14.29%,0%,42.86%,75%,0%,0%,,42.86%,20%,57.14%,71.43%,57.14%,57.14%,50%,42.86%,33.33%,42.86%,42.86%,42.86%,,85.71%,100%,71.43%,57.14%,57.14%,28.57%,,14.29%,0%,0%,14.29%,0%,,85.71%,71.43%,42.86%,71.43%,85.71%,57.14%,57.14%
Kazakhstan,,N/A,N/A,N/A,N/A,N/A,N/A,,N/A,N/A,N/A,N/A,N/A,N/A,,N/A,N/A,N/A,N/A,N/A,N/A,N/A,N/A,N/A,N/A,N/A,N/A,,N/A,N/A,N/A,N/A,N/A,N/A,,N/A,N/A,N/A,N/A,N/A,,N/A,N/A,N/A,N/A,N/A,N/A,N/A
Kenya,,57.14%,42.86%,85.71%,71.43%,14.29%,14.29%,,28.57%,14.29%,42.86%,71.43%,28.57%,0%,,14.29%,14.29%,71.43%,71.43%,57.14%,42.86%,28.57%,57.14%,28.57%,42.86%,28.57%,28.57%,,28.57%,57.14%,57.14%,57.14%,71.43%,42.86%,,28.57%,57.14%,42.86%,14.29%,14.29%,,57.14%,57.14%,42.86%,85.71%,100%,71.43%,42.86%
"Korea, Rep.",,0%,0%,0%,0%,0%,0%,,0%,0%,0%,0%,0%,0%,,100%,0%,100%,100%,100%,0%,100%,100%,100%,100%,100%,0%,,100%,100%,100%,100%,100%,100%,,0%,0%,0%,0%,0%,,100%,100%,100%,100%,100%,100%,100%
Kuwait,,0%,0%,0%,N/A,0%,0%,,0%,0%,0%,N/A,0%,0%,,50%,N/A,0%,50%,50%,50%,0%,0%,0%,0%,0%,50%,,0%,100%,50%,50%,0%,50%,,50%,50%,50%,0%,0%,,0%,0%,0%,100%,50%,0%,0%
Kyrgyz Republic,,33.33%,33.33%,33.33%,66.67%,66.67%,33.33%,,0%,33.33%,66.67%,33.33%,66.67%,33.33%,,33.33%,66.67%,33.33%,0%,0%,33.33%,0%,0%,0%,33.33%,33.33%,0%,,100%,100%,33.33%,33.33%,33.33%,0%,,33.33%,0%,0%,33.33%,100%,,33.33%,0%,33.33%,100%,66.67%,0%,0%
Lao PDR,,100%,100%,100%,0%,100%,0%,,100%,100%,0%,100%,100%,0%,,0%,0%,0%,0%,0%,0%,0%,0%,0%,0%,0%,0%,,100%,100%,0%,0%,0%,0%,,0%,0%,0%,0%,0%,,100%,100%,100%,100%,100%,100%,100%
Latvia,,20%,20%,20%,20%,0%,50%,,0%,0%,60%,0%,0%,25%,,60%,40%,50%,100%,75%,60%,0%,50%,40%,75%,25%,25%,,80%,80%,60%,50%,50%,50%,,0%,0%,0%,0%,25%,,20%,20%,20%,50%,50%,0%,75%
Lebanon,,0%,0%,0%,N/A,0%,0%,,50%,50%,100%,100%,50%,0%,,0%,0%,50%,50%,50%,50%,0%,50%,0%,50%,50%,50%,,100%,50%,50%,0%,100%,100%,,0%,0%,0%,0%,0%,,0%,0%,0%,100%,100%,0%,0%
Lesotho,,N/A,N/A,N/A,N/A,N/A,N/A,,N/A,N/A,N/A,N/A,N/A,N/A,,N/A,N/A,N/A,N/A,N/A,N/A,N/A,N/A,N/A,N/A,N/A,N/A,,N/A,N/A,N/A,N/A,N/A,N/A,,N/A,N/A,N/A,N/A,N/A,,N/A,N/A,N/A,N/A,N/A,N/A,N/A
Liberia,,N/A,N/A,N/A,N/A,N/A,N/A,,N/A,N/A,N/A,N/A,N/A,N/A,,N/A,N/A,N/A,N/A,N/A,N/A,N/A,N/A,N/A,N/A,N/A,N/A,,N/A,N/A,N/A,N/A,N/A,N/A,,N/A,N/A,N/A,N/A,N/A,,N/A,N/A,N/A,N/A,N/A,N/A,N/A
Libya,,N/A,N/A,N/A,N/A,N/A,N/A,,N/A,N/A,N/A,N/A,N/A,N/A,,N/A,N/A,N/A,N/A,N/A,N/A,N/A,N/A,N/A,N/A,N/A,N/A,,N/A,N/A,N/A,N/A,N/A,N/A,,N/A,N/A,N/A,N/A,N/A,,N/A,N/A,N/A,N/A,N/A,N/A,N/A
Lithuania,,0%,0%,0%,22.22%,0%,0%,,0%,0%,0%,11.11%,0%,0%,,88.89%,55.56%,75%,88.89%,75%,88.89%,88.89%,77.78%,55.56%,88.89%,62.50%,55.56%,,100%,100%,88.89%,88.89%,77.78%,77.78%,,11.11%,0%,0%,0%,11.11%,,77.78%,77.78%,77.78%,77.78%,55.56%,66.67%,44.44%
Luxembourg,,100%,0%,0%,100%,100%,100%,,100%,0%,0%,100%,0%,0%,,100%,0%,100%,0%,100%,100%,100%,0%,0%,100%,100%,100%,,100%,100%,100%,100%,0%,100%,,0%,0%,0%,0%,0%,,0%,0%,100%,100%,100%,0%,100%
"Macedonia, FYR",,50%,33.33%,0%,0%,0%,0%,,50%,0%,33.33%,66.67%,0%,0%,,100%,0%,66.67%,50%,66.67%,100%,66.67%,66.67%,66.67%,100%,33.33%,33.33%,,100%,100%,100%,66.67%,33.33%,66.67%,,0%,0%,50%,0%,0%,,66.67%,33.33%,33.33%,100%,100%,66.67%,66.67%
Madagascar,,N/A,N/A,N/A,N/A,N/A,N/A,,N/A,N/A,N/A,N/A,N/A,N/A,,N/A,N/A,N/A,N/A,N/A,N/A,N/A,N/A,N/A,N/A,N/A,N/A,,N/A,N/A,N/A,N/A,N/A,N/A,,N/A,N/A,N/A,N/A,N/A,,N/A,N/A,N/A,N/A,N/A,N/A,N/A
Malawi,,N/A,N/A,N/A,N/A,N/A,N/A,,N/A,N/A,N/A,N/A,N/A,N/A,,N/A,N/A,N/A,N/A,N/A,N/A,N/A,N/A,N/A,N/A,N/A,N/A,,N/A,N/A,N/A,N/A,N/A,N/A,,N/A,N/A,N/A,N/A,N/A,,N/A,N/A,N/A,N/A,N/A,N/A,N/A
Malaysia,,33.33%,33.33%,0%,0%,0%,0%,,33.33%,0%,0%,0%,0%,0%,,33.33%,0%,66.67%,100%,66.67%,100%,66.67%,33.33%,0%,66.67%,0%,33.33%,,100%,100%,33.33%,66.67%,33.33%,66.67%,,0%,0%,33.33%,33.33%,33.33%,,100%,100%,100%,66.67%,100%,0%,33.33%
Maldives,,100%,0%,0%,N/A,100%,0%,,0%,100%,0%,N/A,0%,0%,,0%,N/A,0%,100%,0%,100%,0%,0%,0%,0%,0%,100%,,0%,100%,100%,100%,0%,0%,,0%,100%,100%,0%,0%,,100%,0%,0%,100%,0%,0%,0%
Mali,,N/A,N/A,N/A,N/A,N/A,N/A,,N/A,N/A,N/A,N/A,N/A,N/A,,N/A,N/A,N/A,N/A,N/A,N/A,N/A,N/A,N/A,N/A,N/A,N/A,,N/A,N/A,N/A,N/A,N/A,N/A,,N/A,N/A,N/A,N/A,N/A,,N/A,N/A,N/A,N/A,N/A,N/A,N/A
Malta,,100%,100%,0%,0%,0%,0%,,0%,100%,100%,0%,0%,0%,,100%,100%,0%,100%,0%,0%,0%,0%,0%,0%,0%,0%,,100%,100%,100%,100%,0%,0%,,0%,0%,0%,0%,0%,,100%,0%,0%,100%,100%,0%,0%
Mauritania,,100%,100%,0%,100%,100%,100%,,100%,100%,100%,100%,100%,0%,,0%,0%,0%,0%,0%,0%,0%,0%,0%,0%,0%,0%,,0%,0%,0%,0%,0%,0%,,100%,0%,0%,0%,100%,,0%,0%,0%,100%,100%,0%,0%
Mauritius,,50%,0%,100%,0%,50%,50%,,0%,0%,0%,100%,0%,0%,,50%,0%,100%,100%,100%,100%,100%,50%,50%,100%,100%,50%,,100%,100%,100%,100%,100%,50%,,50%,0%,0%,0%,0%,,100%,100%,100%,100%,100%,50%,0%
Mexico,,88.89%,44.44%,22.22%,22.22%,44.44%,22.22%,,55.56%,33.33%,77.78%,55.56%,55.56%,44.44%,,0%,0%,33.33%,22.22%,44.44%,44.44%,22.22%,11.11%,11.11%,55.56%,22.22%,11.11%,,55.56%,77.78%,66.67%,55.56%,33.33%,55.56%,,33.33%,33.33%,33.33%,55.56%,44.44%,,66.67%,33.33%,33.33%,44.44%,55.56%,11.11%,55.56%
Moldova,,N/A,N/A,N/A,N/A,N/A,N/A,,N/A,N/A,N/A,N/A,N/A,N/A,,N/A,N/A,N/A,N/A,N/A,N/A,N/A,N/A,N/A,N/A,N/A,N/A,,N/A,N/A,N/A,N/A,N/A,N/A,,N/A,N/A,N/A,N/A,N/A,,N/A,N/A,N/A,N/A,N/A,N/A,N/A
Mongolia,,33.33%,33.33%,33.33%,0%,33.33%,33.33%,,66.67%,33.33%,66.67%,33.33%,100%,33.33%,,33.33%,66.67%,33.33%,0%,33.33%,100%,66.67%,33.33%,33.33%,33.33%,33.33%,33.33%,,33.33%,33.33%,33.33%,0%,0%,0%,,66.67%,33.33%,33.33%,0%,33.33%,,100%,33.33%,100%,100%,100%,0%,33.33%
Montenegro,,0%,0%,0%,0%,0%,0%,,0%,0%,100%,100%,0%,0%,,0%,0%,0%,0%,0%,0%,0%,0%,0%,0%,0%,0%,,0%,0%,0%,0%,0%,0%,,0%,0%,0%,0%,0%,,0%,0%,0%,0%,0%,0%,0%
Morocco,,N/A,N/A,N/A,N/A,N/A,N/A,,N/A,N/A,N/A,N/A,N/A,N/A,,N/A,N/A,N/A,N/A,N/A,N/A,N/A,N/A,N/A,N/A,N/A,N/A,,N/A,N/A,N/A,N/A,N/A,N/A,,N/A,N/A,N/A,N/A,N/A,,N/A,N/A,N/A,N/A,N/A,N/A,N/A
Mozambique,,N/A,N/A,N/A,N/A,N/A,N/A,,N/A,N/A,N/A,N/A,N/A,N/A,,N/A,N/A,N/A,N/A,N/A,N/A,N/A,N/A,N/A,N/A,N/A,N/A,,N/A,N/A,N/A,N/A,N/A,N/A,,N/A,N/A,N/A,N/A,N/A,,N/A,N/A,N/A,N/A,N/A,N/A,N/A
Myanmar,,100%,100%,100%,0%,0%,0%,,0%,0%,100%,100%,100%,0%,,0%,0%,0%,0%,0%,0%,0%,0%,0%,0%,0%,0%,,0%,0%,0%,0%,0%,0%,,0%,0%,0%,0%,0%,,0%,0%,100%,100%,100%,0%,0%
Namibia,,0%,0%,0%,0%,0%,0%,,0%,0%,0%,100%,0%,0%,,100%,0%,100%,100%,100%,100%,100%,100%,0%,100%,100%,100%,,100%,100%,100%,100%,100%,0%,,0%,0%,0%,0%,0%,,100%,100%,100%,100%,100%,100%,0%
Nepal,,66.67%,50%,100%,100%,25%,25%,,50%,25%,100%,75%,75%,0%,,0%,0%,25%,0%,0%,0%,0%,0%,0%,0%,25%,0%,,50%,66.67%,25%,25%,0%,25%,,50%,25%,75%,25%,25%,,50%,50%,25%,100%,100%,50%,25%
Netherlands,,46.67%,57.14%,26.67%,33.33%,13.33%,6.67%,,6.67%,6.67%,6.67%,13.33%,6.67%,6.67%,,93.33%,66.67%,93.33%,86.67%,93.33%,93.33%,86.67%,80%,73.33%,86.67%,73.33%,73.33%,,93.33%,100%,100%,93.33%,100%,86.67%,,6.67%,13.33%,0%,0%,6.67%,,60%,40%,80%,80%,46.67%,35.71%,35.71%
New Zealand,,N/A,N/A,N/A,N/A,N/A,N/A,,N/A,N/A,N/A,N/A,N/A,N/A,,N/A,N/A,N/A,N/A,N/A,N/A,N/A,N/A,N/A,N/A,N/A,N/A,,N/A,N/A,N/A,N/A,N/A,N/A,,N/A,N/A,N/A,N/A,N/A,,N/A,N/A,N/A,N/A,N/A,N/A,N/A
Nicaragua,,100%,50%,50%,0%,50%,50%,,100%,50%,100%,100%,50%,0%,,0%,0%,0%,0%,0%,50%,0%,0%,0%,0%,0%,0%,,0%,0%,0%,0%,0%,50%,,100%,0%,50%,50%,100%,,50%,0%,50%,100%,100%,100%,0%
Niger,,N/A,N/A,N/A,N/A,N/A,N/A,,N/A,N/A,N/A,N/A,N/A,N/A,,N/A,N/A,N/A,N/A,N/A,N/A,N/A,N/A,N/A,N/A,N/A,N/A,,N/A,N/A,N/A,N/A,N/A,N/A,,N/A,N/A,N/A,N/A,N/A,,N/A,N/A,N/A,N/A,N/A,N/A,N/A
Nigeria,,100%,55.56%,66.67%,16.67%,55.56%,11.11%,,55.56%,44.44%,100%,100%,77.78%,44.44%,,0%,14.29%,25%,25%,12.50%,25%,12.50%,25%,14.29%,12.50%,0%,12.50%,,12.50%,25%,12.50%,12.50%,0%,25%,,37.50%,62.50%,62.50%,12.50%,62.50%,,50%,0%,0%,62.50%,62.50%,25%,0%
Norway,,100%,66.67%,100%,100%,100%,100%,,0%,0%,33.33%,33.33%,0%,0%,,66.67%,33.33%,100%,66.67%,66.67%,100%,66.67%,100%,66.67%,100%,100%,66.67%,,100%,100%,100%,66.67%,100%,66.67%,,0%,0%,0%,0%,0%,,66.67%,33.33%,33.33%,66.67%,66.67%,33.33%,33.33%
Oman,,N/A,N/A,N/A,N/A,N/A,N/A,,N/A,N/A,N/A,N/A,N/A,N/A,,N/A,N/A,N/A,N/A,N/A,N/A,N/A,N/A,N/A,N/A,N/A,N/A,,N/A,N/A,N/A,N/A,N/A,N/A,,N/A,N/A,N/A,N/A,N/A,,N/A,N/A,N/A,N/A,N/A,N/A,N/A
Pakistan,,40%,22.92%,33.33%,6.38%,10.64%,10.64%,,10.20%,14.29%,27.08%,78.72%,38.30%,4.26%,,24.49%,6.25%,44.90%,52.08%,31.25%,60.42%,41.67%,25%,8.33%,41.67%,34.04%,41.67%,,60.42%,87.76%,51.06%,46.81%,50%,44.68%,,8.16%,16.33%,8.51%,4.26%,10.64%,,70.83%,44.68%,48.94%,91.67%,87.76%,57.45%,36.17%
Panama,,0%,0%,100%,0%,100%,0%,,0%,0%,100%,0%,0%,0%,,0%,0%,100%,100%,100%,100%,0%,0%,0%,0%,0%,0%,,100%,100%,100%,100%,0%,0%,,100%,100%,100%,100%,100%,,0%,0%,100%,100%,100%,0%,0%
Papua New Guinea,,N/A,N/A,N/A,N/A,N/A,N/A,,N/A,N/A,N/A,N/A,N/A,N/A,,N/A,N/A,N/A,N/A,N/A,N/A,N/A,N/A,N/A,N/A,N/A,N/A,,N/A,N/A,N/A,N/A,N/A,N/A,,N/A,N/A,N/A,N/A,N/A,,N/A,N/A,N/A,N/A,N/A,N/A,N/A
Paraguay,,N/A,N/A,N/A,N/A,N/A,N/A,,N/A,N/A,N/A,N/A,N/A,N/A,,N/A,N/A,N/A,N/A,N/A,N/A,N/A,N/A,N/A,N/A,N/A,N/A,,N/A,N/A,N/A,N/A,N/A,N/A,,N/A,N/A,N/A,N/A,N/A,,N/A,N/A,N/A,N/A,N/A,N/A,N/A
Peru,,66.67%,66.67%,100%,50%,100%,66.67%,,33.33%,33.33%,100%,100%,33.33%,33.33%,,0%,0%,33.33%,0%,33.33%,0%,33.33%,0%,0%,0%,0%,0%,,33.33%,66.67%,33.33%,0%,0%,0%,,33.33%,66.67%,33.33%,33.33%,66.67%,,33.33%,50%,33.33%,33.33%,33.33%,33.33%,33.33%
Philippines,,66.67%,33.33%,66.67%,100%,66.67%,0%,,66.67%,66.67%,66.67%,100%,66.67%,0%,,0%,0%,33.33%,33.33%,33.33%,33.33%,0%,0%,0%,0%,0%,0%,,66.67%,100%,66.67%,50%,33.33%,66.67%,,0%,33.33%,0%,0%,33.33%,,33.33%,50%,33.33%,100%,66.67%,66.67%,66.67%
Poland,,0%,0%,0%,50%,0%,0%,,0%,0%,50%,50%,0%,0%,,50%,0%,0%,50%,50%,100%,100%,50%,0%,100%,50%,0%,,100%,100%,100%,100%,100%,100%,,0%,50%,0%,0%,0%,,100%,100%,100%,100%,100%,100%,50%
Portugal,,66.67%,33.33%,33.33%,33.33%,0%,0%,,33.33%,0%,0%,33.33%,0%,0%,,100%,0%,66.67%,33.33%,66.67%,66.67%,33.33%,33.33%,33.33%,33.33%,0%,0%,,100%,100%,66.67%,100%,66.67%,66.67%,,0%,0%,0%,0%,0%,,66.67%,50%,66.67%,66.67%,100%,66.67%,66.67%
Qatar,,100%,N/A,100%,N/A,100%,100%,,100%,0%,0%,N/A,100%,0%,,0%,N/A,0%,0%,0%,0%,0%,0%,0%,0%,0%,0%,,0%,0%,0%,0%,0%,0%,,100%,100%,0%,0%,0%,,0%,0%,0%,0%,0%,0%,100%
Romania,,100%,66.67%,33.33%,33.33%,33.33%,0%,,0%,0%,33.33%,0%,0%,0%,,33.33%,0%,33.33%,100%,66.67%,66.67%,33.33%,33.33%,33.33%,66.67%,66.67%,66.67%,,66.67%,66.67%,66.67%,66.67%,66.67%,66.67%,,0%,33.33%,0%,0%,0%,,66.67%,66.67%,66.67%,66.67%,66.67%,100%,66.67%
Russian Federation,,85.71%,100%,28.57%,71.43%,57.14%,28.57%,,42.86%,57.14%,71.43%,42.86%,33.33%,42.86%,,14.29%,28.57%,0%,0%,28.57%,14.29%,0%,0%,0%,0%,0%,0%,,28.57%,42.86%,14.29%,0%,28.57%,0%,,57.14%,57.14%,50%,28.57%,57.14%,,28.57%,0%,14.29%,28.57%,28.57%,14.29%,14.29%
Rwanda,,N/A,N/A,N/A,N/A,N/A,N/A,,N/A,N/A,N/A,N/A,N/A,N/A,,N/A,N/A,N/A,N/A,N/A,N/A,N/A,N/A,N/A,N/A,N/A,N/A,,N/A,N/A,N/A,N/A,N/A,N/A,,N/A,N/A,N/A,N/A,N/A,,N/A,N/A,N/A,N/A,N/A,N/A,N/A
São Tomé and Príncipe,,N/A,N/A,N/A,N/A,N/A,N/A,,N/A,N/A,N/A,N/A,N/A,N/A,,N/A,N/A,N/A,N/A,N/A,N/A,N/A,N/A,N/A,N/A,N/A,N/A,,N/A,N/A,N/A,N/A,N/A,N/A,,N/A,N/A,N/A,N/A,N/A,,N/A,N/A,N/A,N/A,N/A,N/A,N/A
Saudi Arabia,,100%,50%,100%,100%,100%,50%,,100%,50%,50%,100%,100%,100%,,0%,0%,0%,0%,0%,0%,0%,0%,0%,0%,0%,0%,,0%,0%,0%,0%,0%,0%,,0%,100%,100%,0%,100%,,0%,0%,0%,0%,0%,0%,0%
Senegal,,50%,0%,50%,50%,50%,0%,,0%,0%,0%,0%,0%,0%,,0%,50%,50%,100%,100%,100%,50%,100%,50%,100%,100%,100%,,100%,100%,100%,100%,100%,50%,,0%,0%,0%,0%,0%,,100%,100%,100%,100%,0%,100%,100%
Serbia,,0%,0%,0%,0%,0%,100%,,100%,100%,0%,100%,0%,0%,,0%,0%,0%,100%,100%,0%,0%,0%,0%,0%,0%,0%,,100%,100%,100%,100%,0%,100%,,0%,0%,0%,0%,0%,,100%,0%,0%,0%,0%,0%,0%
Sierra Leone,,N/A,N/A,N/A,N/A,N/A,N/A,,N/A,N/A,N/A,N/A,N/A,N/A,,N/A,N/A,N/A,N/A,N/A,N/A,N/A,N/A,N/A,N/A,N/A,N/A,,N/A,N/A,N/A,N/A,N/A,N/A,,N/A,N/A,N/A,N/A,N/A,,N/A,N/A,N/A,N/A,N/A,N/A,N/A
Singapore,,42.86%,33.33%,33.33%,0%,50%,50%,,0%,0%,0%,40%,0%,0%,,42.86%,33.33%,57.14%,71.43%,71.43%,71.43%,83.33%,66.67%,66.67%,85.71%,66.67%,66.67%,,100%,100%,100%,100%,85.71%,85.71%,,0%,0%,0%,0%,0%,,57.14%,57.14%,57.14%,57.14%,71.43%,57.14%,57.14%
Slovak Republic,,50%,0%,0%,0%,0%,0%,,100%,100%,50%,0%,0%,0%,,50%,50%,50%,0%,100%,100%,100%,50%,50%,100%,100%,100%,,100%,100%,100%,100%,100%,100%,,0%,0%,0%,0%,0%,,100%,50%,50%,100%,100%,50%,100%
Slovenia,,N/A,N/A,N/A,N/A,N/A,N/A,,N/A,N/A,N/A,N/A,N/A,N/A,,N/A,N/A,N/A,N/A,N/A,N/A,N/A,N/A,N/A,N/A,N/A,N/A,,N/A,N/A,N/A,N/A,N/A,N/A,,N/A,N/A,N/A,N/A,N/A,,N/A,N/A,N/A,N/A,N/A,N/A,N/A
Solomon Islands,,N/A,N/A,N/A,N/A,N/A,N/A,,N/A,N/A,N/A,N/A,N/A,N/A,,N/A,N/A,N/A,N/A,N/A,N/A,N/A,N/A,N/A,N/A,N/A,N/A,,N/A,N/A,N/A,N/A,N/A,N/A,,N/A,N/A,N/A,N/A,N/A,,N/A,N/A,N/A,N/A,N/A,N/A,N/A
Somalia,,N/A,N/A,N/A,N/A,N/A,N/A,,N/A,N/A,N/A,N/A,N/A,N/A,,N/A,N/A,N/A,N/A,N/A,N/A,N/A,N/A,N/A,N/A,N/A,N/A,,N/A,N/A,N/A,N/A,N/A,N/A,,N/A,N/A,N/A,N/A,N/A,,N/A,N/A,N/A,N/A,N/A,N/A,N/A
South Africa,,64.29%,71.43%,64.29%,42.86%,28.57%,21.43%,,14.29%,0%,28.57%,57.14%,0%,14.29%,,35.71%,7.14%,42.86%,57.14%,50%,42.86%,14.29%,35.71%,23.08%,30.77%,30.77%,42.86%,,71.43%,78.57%,42.86%,28.57%,42.86%,35.71%,,14.29%,14.29%,14.29%,21.43%,7.14%,,57.14%,42.86%,42.86%,50%,57.14%,23.08%,7.14%
Spain,,50%,50%,50%,50%,75%,25%,,0%,0%,25%,50%,0%,0%,,75%,50%,75%,75%,75%,100%,100%,75%,33.33%,100%,75%,50%,,100%,100%,75%,100%,75%,75%,,0%,0%,0%,0%,0%,,75%,50%,50%,75%,75%,50%,50%
Sri Lanka,,20%,0%,16.67%,0%,0%,0%,,0%,0%,0%,40%,0%,0%,,33.33%,16.67%,83.33%,83.33%,83.33%,83.33%,60%,66.67%,66.67%,100%,50%,66.67%,,100%,100%,83.33%,60%,66.67%,83.33%,,0%,0%,16.67%,0%,16.67%,,100%,80%,100%,100%,100%,100%,66.67%
Sudan,,0%,100%,100%,N/A,100%,0%,,100%,100%,100%,N/A,100%,0%,,0%,N/A,0%,0%,0%,0%,0%,0%,0%,0%,0%,0%,,100%,100%,0%,100%,0%,0%,,0%,0%,0%,0%,100%,,0%,0%,0%,100%,100%,0%,0%
Sweden,,N/A,N/A,N/A,N/A,N/A,N/A,,N/A,N/A,N/A,N/A,N/A,N/A,,N/A,N/A,N/A,N/A,N/A,N/A,N/A,N/A,N/A,N/A,N/A,N/A,,N/A,N/A,N/A,N/A,N/A,N/A,,N/A,N/A,N/A,N/A,N/A,,N/A,N/A,N/A,N/A,N/A,N/A,N/A
Switzerland,,50%,50%,50%,50%,50%,50%,,0%,0%,0%,0%,0%,0%,,100%,100%,100%,100%,100%,100%,100%,100%,100%,100%,100%,100%,,100%,100%,100%,100%,100%,100%,,0%,0%,0%,0%,0%,,100%,0%,0%,0%,0%,0%,0%
Syrian Arab Republic,,N/A,N/A,N/A,N/A,N/A,N/A,,N/A,N/A,N/A,N/A,N/A,N/A,,N/A,N/A,N/A,N/A,N/A,N/A,N/A,N/A,N/A,N/A,N/A,N/A,,N/A,N/A,N/A,N/A,N/A,N/A,,N/A,N/A,N/A,N/A,N/A,,N/A,N/A,N/A,N/A,N/A,N/A,N/A
Taiwan,,0%,50%,0%,0%,0%,0%,,0%,0%,0%,0%,0%,0%,,100%,0%,100%,100%,100%,100%,50%,0%,50%,100%,50%,100%,,100%,100%,100%,100%,100%,100%,,0%,0%,0%,0%,0%,,50%,50%,50%,50%,100%,50%,50%
Tajikistan,,0%,0%,0%,100%,0%,0%,,100%,100%,100%,100%,100%,0%,,0%,0%,0%,0%,0%,100%,0%,0%,0%,100%,0%,0%,,0%,0%,0%,0%,0%,0%,,0%,0%,0%,0%,0%,,0%,0%,0%,0%,100%,0%,0%
Tanzania,,100%,100%,50%,0%,50%,0%,,50%,100%,50%,100%,50%,0%,,0%,0%,0%,0%,50%,50%,50%,50%,50%,50%,50%,50%,,0%,0%,50%,50%,50%,50%,,100%,100%,100%,100%,50%,,50%,50%,50%,100%,50%,50%,50%
Thailand,,0%,0%,0%,0%,0%,0%,,0%,0%,0%,50%,0%,0%,,50%,0%,50%,50%,50%,100%,50%,0%,100%,100%,100%,50%,,50%,100%,50%,50%,50%,50%,,0%,0%,0%,0%,0%,,50%,100%,50%,50%,100%,50%,0%
Timor-Leste,,N/A,N/A,N/A,N/A,N/A,N/A,,N/A,N/A,N/A,N/A,N/A,N/A,,N/A,N/A,N/A,N/A,N/A,N/A,N/A,N/A,N/A,N/A,N/A,N/A,,N/A,N/A,N/A,N/A,N/A,N/A,,N/A,N/A,N/A,N/A,N/A,,N/A,N/A,N/A,N/A,N/A,N/A,N/A
Togo,,0%,0%,100%,100%,0%,0%,,0%,0%,100%,100%,100%,0%,,0%,0%,100%,100%,0%,0%,100%,0%,0%,100%,0%,0%,,100%,100%,0%,0%,0%,0%,,100%,0%,100%,0%,100%,,100%,0%,100%,100%,0%,0%,0%
Trinidad and Tobago,,N/A,N/A,N/A,N/A,N/A,N/A,,N/A,N/A,N/A,N/A,N/A,N/A,,N/A,N/A,N/A,N/A,N/A,N/A,N/A,N/A,N/A,N/A,N/A,N/A,,N/A,N/A,N/A,N/A,N/A,N/A,,N/A,N/A,N/A,N/A,N/A,,N/A,N/A,N/A,N/A,N/A,N/A,N/A
Tunisia,,0%,50%,0%,0%,0%,0%,,100%,50%,50%,100%,0%,0%,,50%,0%,100%,100%,100%,100%,100%,50%,50%,100%,0%,0%,,0%,100%,50%,50%,50%,0%,,0%,100%,100%,0%,50%,,0%,0%,0%,50%,0%,0%,50%
Turkey,,51.61%,60%,35.48%,24.14%,37.93%,16.67%,,12.50%,16.13%,12.50%,61.29%,3.13%,6.25%,,80.65%,20%,70%,83.33%,77.42%,80.65%,54.84%,46.67%,33.33%,54.84%,67.74%,61.29%,,74.19%,90%,53.33%,51.61%,70.97%,70%,,6.45%,13.33%,33.33%,3.23%,9.68%,,73.33%,70%,73.33%,86.21%,83.33%,63.33%,36.67%
Turkmenistan,,N/A,N/A,N/A,N/A,N/A,N/A,,N/A,N/A,N/A,N/A,N/A,N/A,,N/A,N/A,N/A,N/A,N/A,N/A,N/A,N/A,N/A,N/A,N/A,N/A,,N/A,N/A,N/A,N/A,N/A,N/A,,N/A,N/A,N/A,N/A,N/A,,N/A,N/A,N/A,N/A,N/A,N/A,N/A
Uganda,,100%,0%,100%,100%,0%,0%,,0%,0%,100%,100%,100%,100%,,0%,0%,0%,0%,0%,0%,0%,0%,0%,0%,0%,0%,,100%,100%,0%,0%,0%,0%,,0%,0%,0%,0%,0%,,0%,0%,0%,0%,0%,0%,0%
Ukraine,,100%,100%,0%,100%,0%,0%,,100%,100%,100%,100%,100%,100%,,0%,0%,0%,0%,0%,0%,0%,0%,0%,0%,0%,0%,,0%,0%,0%,0%,0%,100%,,0%,0%,0%,0%,100%,,0%,0%,100%,100%,100%,0%,0%
United Arab Emirates,,45.45%,54.55%,27.27%,28.57%,18.18%,18.18%,,0%,0%,9.09%,71.43%,0%,0%,,58.33%,12.50%,63.64%,75%,58.33%,75%,66.67%,66.67%,75%,50%,33.33%,36.36%,,91.67%,91.67%,83.33%,66.67%,66.67%,66.67%,,8.33%,0%,8.33%,0%,0%,,75%,66.67%,91.67%,83.33%,83.33%,83.33%,91.67%
United Kingdom,,33.33%,45.45%,69.23%,46.15%,25%,15.38%,,7.69%,9.09%,15.38%,30.77%,8.33%,7.69%,,92.31%,46.15%,72.73%,84.62%,75%,75%,84.62%,61.54%,66.67%,75%,92.31%,23.08%,,92.31%,90.91%,92.31%,92.31%,84.62%,75%,,8.33%,7.69%,7.69%,7.69%,0%,,61.54%,46.15%,53.85%,76.92%,69.23%,38.46%,58.33%
United States,,72.22%,61.11%,47.06%,27.78%,33.33%,27.78%,,11.11%,5.56%,16.67%,50%,5.56%,0%,,50%,33.33%,66.67%,55.56%,50%,66.67%,33.33%,29.41%,22.22%,55.56%,50%,23.53%,,83.33%,94.44%,77.78%,61.11%,72.22%,61.11%,,11.76%,17.65%,17.65%,5.88%,5.88%,,52.94%,47.06%,23.53%,70.59%,58.82%,23.53%,21.43%
Uruguay,,83.33%,16.67%,66.67%,16.67%,50%,50%,,50%,0%,66.67%,100%,16.67%,0%,,0%,0%,16.67%,16.67%,50%,83.33%,16.67%,16.67%,16.67%,33.33%,16.67%,16.67%,,83.33%,83.33%,83.33%,83.33%,83.33%,83.33%,,0%,0%,83.33%,0%,0%,,83.33%,33.33%,33.33%,100%,100%,83.33%,83.33%
Uzbekistan,,N/A,0%,0%,0%,0%,0%,,N/A,0%,100%,100%,100%,0%,,0%,0%,0%,0%,0%,0%,0%,0%,0%,100%,0%,0%,,0%,100%,100%,100%,100%,100%,,0%,0%,0%,0%,0%,,100%,100%,100%,100%,100%,100%,100%
Vanuatu,,N/A,N/A,N/A,N/A,N/A,N/A,,N/A,N/A,N/A,N/A,N/A,N/A,,N/A,N/A,N/A,N/A,N/A,N/A,N/A,N/A,N/A,N/A,N/A,N/A,,N/A,N/A,N/A,N/A,N/A,N/A,,N/A,N/A,N/A,N/A,N/A,,N/A,N/A,N/A,N/A,N/A,N/A,N/A
"Venezuela, RB",,100%,100%,100%,N/A,100%,0%,,100%,50%,50%,100%,0%,0%,,0%,0%,0%,0%,0%,100%,0%,0%,0%,0%,0%,0%,,0%,0%,0%,50%,0%,0%,,50%,100%,50%,50%,100%,,0%,0%,0%,0%,0%,50%,0%
Vietnam,,28.57%,42.86%,57.14%,42.86%,14.29%,28.57%,,57.14%,42.86%,71.43%,71.43%,42.86%,14.29%,,28.57%,14.29%,28.57%,28.57%,28.57%,71.43%,28.57%,28.57%,14.29%,28.57%,42.86%,42.86%,,57.14%,71.43%,28.57%,14.29%,14.29%,28.57%,,0%,14.29%,42.86%,42.86%,42.86%,,28.57%,42.86%,42.86%,71.43%,85.71%,14.29%,42.86%
"Yemen, Rep.",,N/A,N/A,N/A,N/A,N/A,N/A,,N/A,N/A,N/A,N/A,N/A,N/A,,N/A,N/A,N/A,N/A,N/A,N/A,N/A,N/A,N/A,N/A,N/A,N/A,,N/A,N/A,N/A,N/A,N/A,N/A,,N/A,N/A,N/A,N/A,N/A,,N/A,N/A,N/A,N/A,N/A,N/A,N/A
Zambia,,50%,33.33%,100%,66.67%,66.67%,33.33%,,0%,66.67%,66.67%,100%,33.33%,66.67%,,0%,0%,0%,0%,33.33%,0%,0%,0%,0%,0%,0%,33.33%,,0%,0%,66.67%,66.67%,0%,0%,,66.67%,50%,66.67%,0%,0%,,33.33%,0%,0%,33.33%,0%,0%,50%
Zimbabwe,,100%,33.33%,33.33%,33.33%,66.67%,33.33%,,50%,0%,33.33%,66.67%,33.33%,33.33%,,50%,0%,50%,100%,100%,50%,50%,50%,50%,50%,100%,50%,,50%,100%,0%,50%,0%,0%,,0%,50%,0%,0%,50%,,100%,50%,50%,100%,100%,100%,50%